instance_name	LB	OPT	best_overall	best_IC	best_BC	best_MB-Pairing	best_MB-WFD
class1_20_3_0	10	11	11	11	11	11	11
class1_20_3_1	9	9	9	9	9	10	9
class1_20_3_2	12	13	13	13	13	13	13
class1_20_3_3	9	9	9	10	10	9	10
class1_20_3_4	10	10	10	10	10	10	10
class1_20_3_5	8	8	8	8	8	8	8
class1_20_3_6	8	9	9	9	9	9	10
class1_20_3_7	11	11	11	11	11	11	11
class1_20_3_8	11	11	11	11	11	11	11
class1_20_3_9	11	11	11	11	11	11	11
class1_40_3_0	14	15	16	16	16	16	16
class1_40_3_1	14	16	17	17	17	17	17
class1_40_3_2	18	19	19	19	19	19	19
class1_40_3_3	15	17	18	18	18	18	18
class1_40_3_4	19	19	20	20	20	20	20
class1_40_3_5	15	16	18	18	18	18	18
class1_40_3_6	15	16	17	17	17	17	17
class1_40_3_7	13	16	16	16	16	17	17
class1_40_3_8	15	17	17	17	17	18	18
class1_40_3_9	15	17	18	18	18	18	19
class1_60_3_0	22	25	26	26	26	26	26
class1_60_3_1	23	26	27	27	27	28	27
class1_60_3_2	21	23	25	25	25	25	25
class1_60_3_3	21	23	25	25	25	25	25
class1_60_3_4	21	23	25	25	25	26	26
class1_60_3_5	21	23	25	26	26	25	26
class1_60_3_6	21	24	26	26	26	26	26
class1_60_3_7	20	24	25	25	25	26	26
class1_60_3_8	21	24	25	25	26	27	25
class1_60_3_9	22	25	27	27	27	27	27
class1_120_3_0	40	43	48	48	48	49	51
class1_120_3_1	43	48	52	52	52	52	53
class1_120_3_2	42	48	52	52	52	52	52
class1_120_3_3	42	45	49	49	52	52	49
class1_120_3_4	40	44	48	49	48	48	49
class1_120_3_5	42	47	51	51	52	52	53
class1_120_3_6	45	48	51	51	52	52	53
class1_120_3_7	40	46	48	48	48	49	48
class1_120_3_8	48	49	53	53	53	54	53
class1_120_3_9	41	45	50	50	50	50	50
class1_250_3_0	85	90	99	101	99	102	102
class1_250_3_1	84	89	99	100	99	101	101
class1_250_3_2	84	90	100	100	101	103	101
class1_250_3_3	84	91	98	101	98	102	102
class1_250_3_4	83	87	96	97	96	98	97
class1_250_3_5	85	91	101	102	101	102	102
class1_250_3_6	85	92	102	102	102	103	102
class1_250_3_7	83	85	96	100	96	96	100
class1_250_3_8	85	91	102	102	102	102	102
class1_250_3_9	85	91	102	102	102	102	103
class1_500_3_0	170	-1	197	200	197	202	202
class1_500_3_1	171	-1	195	201	195	200	202
class1_500_3_2	171	-1	197	201	197	198	201
class1_500_3_3	168	-1	198	199	198	199	200
class1_500_3_4	170	-1	200	202	200	202	202
class1_500_3_5	170	-1	197	204	197	202	206
class1_500_3_6	172	-1	202	206	202	206	206
class1_500_3_7	170	-1	198	204	198	205	205
class1_500_3_8	164	-1	188	193	189	188	193
class1_500_3_9	170	-1	198	201	198	202	203
class1_20_5_0	6	8	8	8	8	8	8
class1_20_5_1	6	8	8	8	8	8	8
class1_20_5_2	7	9	9	10	9	10	10
class1_20_5_3	8	9	9	9	9	9	9
class1_20_5_4	8	9	9	9	9	9	9
class1_20_5_5	10	11	11	11	11	11	11
class1_20_5_6	7	9	9	9	9	9	9
class1_20_5_7	8	9	9	9	9	9	9
class1_20_5_8	9	10	10	10	11	11	10
class1_20_5_9	6	7	7	7	7	7	7
class1_40_5_0	13	16	17	17	17	17	17
class1_40_5_1	12	16	17	17	17	17	17
class1_40_5_2	12	15	15	16	15	16	16
class1_40_5_3	12	16	16	16	16	16	16
class1_40_5_4	15	16	16	16	16	17	17
class1_40_5_5	14	17	17	17	18	18	18
class1_40_5_6	11	14	15	16	15	15	16
class1_40_5_7	15	18	18	18	19	19	18
class1_40_5_8	15	16	16	17	16	16	17
class1_40_5_9	13	15	16	16	16	17	17
class1_60_5_0	16	20	22	23	23	22	23
class1_60_5_1	18	21	23	23	23	23	23
class1_60_5_2	17	21	23	23	23	24	24
class1_60_5_3	17	23	25	25	25	25	25
class1_60_5_4	17	23	24	24	25	25	24
class1_60_5_5	19	23	25	25	25	25	25
class1_60_5_6	15	19	20	20	21	21	21
class1_60_5_7	20	23	25	25	25	26	25
class1_60_5_8	16	21	24	24	24	24	25
class1_60_5_9	15	19	21	21	22	23	21
class1_120_5_0	32	40	44	45	44	44	45
class1_120_5_1	32	41	45	46	45	46	47
class1_120_5_2	31	39	43	43	44	45	45
class1_120_5_3	32	38	43	43	43	44	43
class1_120_5_4	33	43	46	46	47	47	47
class1_120_5_5	32	39	43	44	43	44	45
class1_120_5_6	31	37	41	42	41	42	42
class1_120_5_7	32	40	43	44	43	43	44
class1_120_5_8	31	37	41	42	41	42	42
class1_120_5_9	33	40	44	45	44	46	45
class1_250_5_0	65	81	91	93	91	91	93
class1_250_5_1	64	-1	84	87	84	86	88
class1_250_5_2	64	-1	87	87	87	87	88
class1_250_5_3	63	76	88	88	88	89	89
class1_250_5_4	65	-1	90	91	90	91	92
class1_250_5_5	65	80	91	91	91	92	91
class1_250_5_6	64	-1	87	88	87	87	88
class1_250_5_7	65	79	87	88	87	88	90
class1_250_5_8	65	83	93	94	93	94	94
class1_250_5_9	64	81	90	91	90	90	93
class1_500_5_0	129	-1	177	177	177	177	179
class1_500_5_1	129	-1	180	182	180	180	183
class1_500_5_2	128	-1	172	174	172	172	176
class1_500_5_3	128	-1	174	176	174	174	177
class1_500_5_4	128	-1	170	174	170	170	174
class1_500_5_5	129	-1	173	175	173	175	175
class1_500_5_6	129	-1	176	177	176	177	179
class1_500_5_7	125	-1	169	172	170	169	174
class1_500_5_8	129	-1	174	177	174	175	177
class1_500_5_9	127	-1	171	174	171	171	174
class1_20_10_0	9	10	10	10	10	11	10
class1_20_10_1	5	7	7	7	7	7	7
class1_20_10_2	5	8	8	8	8	8	8
class1_20_10_3	6	8	8	8	9	9	8
class1_20_10_4	6	8	9	9	9	9	9
class1_20_10_5	9	10	10	10	10	10	10
class1_20_10_6	7	9	9	9	9	9	9
class1_20_10_7	8	9	9	9	9	9	9
class1_20_10_8	8	8	8	8	8	8	9
class1_20_10_9	6	8	8	8	8	9	8
class1_40_10_0	14	16	17	17	17	17	17
class1_40_10_1	8	12	13	13	13	13	14
class1_40_10_2	13	16	16	16	16	17	17
class1_40_10_3	10	14	15	15	15	15	15
class1_40_10_4	16	18	18	18	18	19	18
class1_40_10_5	14	18	19	19	19	19	19
class1_40_10_6	12	15	16	16	17	17	17
class1_40_10_7	12	15	16	16	16	16	16
class1_40_10_8	13	15	16	16	16	16	16
class1_40_10_9	13	16	16	16	17	17	17
class1_60_10_0	13	19	21	21	22	21	22
class1_60_10_1	16	20	22	22	22	23	23
class1_60_10_2	17	21	23	23	23	23	23
class1_60_10_3	13	19	21	21	21	21	21
class1_60_10_4	13	18	19	20	19	20	20
class1_60_10_5	13	20	22	22	22	22	22
class1_60_10_6	13	19	21	22	21	22	22
class1_60_10_7	12	19	21	21	21	21	21
class1_60_10_8	13	20	22	22	22	22	22
class1_60_10_9	16	21	22	22	22	22	22
class1_120_10_0	24	36	40	41	40	40	42
class1_120_10_1	25	35	39	40	39	40	40
class1_120_10_2	25	36	41	42	41	42	42
class1_120_10_3	27	37	41	41	42	42	43
class1_120_10_4	24	35	39	40	39	39	40
class1_120_10_5	25	35	40	41	40	40	42
class1_120_10_6	25	35	41	41	41	41	41
class1_120_10_7	25	34	39	40	39	39	40
class1_120_10_8	26	37	41	41	42	42	43
class1_120_10_9	27	38	43	43	43	43	43
class1_250_10_0	50	70	80	83	80	82	84
class1_250_10_1	50	-1	77	80	77	78	81
class1_250_10_2	49	-1	82	83	82	82	83
class1_250_10_3	49	-1	78	80	78	78	82
class1_250_10_4	50	71	83	84	83	83	84
class1_250_10_5	49	-1	79	80	79	79	80
class1_250_10_6	49	-1	80	83	80	82	85
class1_250_10_7	50	-1	82	85	82	82	85
class1_250_10_8	50	-1	82	84	82	82	86
class1_250_10_9	49	-1	82	84	82	82	85
class1_500_10_0	96	-1	144	150	144	144	151
class1_500_10_1	95	-1	153	157	153	153	157
class1_500_10_2	97	-1	152	157	152	152	157
class1_500_10_3	96	-1	147	153	148	147	153
class1_500_10_4	97	-1	156	160	156	156	161
class1_500_10_5	97	-1	147	152	147	147	153
class1_500_10_6	96	-1	149	155	149	149	156
class1_500_10_7	96	-1	148	154	148	150	155
class1_500_10_8	97	-1	151	154	151	151	154
class1_500_10_9	97	-1	147	154	147	148	156
class2_20_3_0	5	5	5	5	5	5	5
class2_20_3_1	5	5	5	5	5	5	5
class2_20_3_2	5	5	5	5	5	5	5
class2_20_3_3	5	5	5	5	5	5	5
class2_20_3_4	5	5	5	5	5	5	5
class2_20_3_5	5	5	5	5	5	5	5
class2_20_3_6	5	5	5	5	5	5	5
class2_20_3_7	5	5	5	5	5	5	5
class2_20_3_8	5	5	6	6	6	6	6
class2_20_3_9	5	5	5	5	5	5	5
class2_40_3_0	9	9	10	10	10	10	10
class2_40_3_1	9	9	9	9	9	9	9
class2_40_3_2	9	9	10	10	10	10	10
class2_40_3_3	8	8	8	9	9	8	9
class2_40_3_4	9	9	10	10	10	10	10
class2_40_3_5	9	9	9	9	9	10	9
class2_40_3_6	9	9	10	10	10	10	10
class2_40_3_7	9	9	9	9	9	9	9
class2_40_3_8	9	9	9	9	9	10	9
class2_40_3_9	9	9	10	10	10	10	10
class2_60_3_0	13	13	14	14	14	14	15
class2_60_3_1	13	13	13	13	13	14	14
class2_60_3_2	13	13	14	14	14	14	15
class2_60_3_3	14	14	14	14	14	14	15
class2_60_3_4	14	14	14	14	14	14	15
class2_60_3_5	14	14	14	14	14	14	14
class2_60_3_6	14	14	15	15	15	15	15
class2_60_3_7	14	14	14	14	14	14	14
class2_60_3_8	13	13	13	14	13	14	14
class2_60_3_9	13	13	13	13	13	13	14
class2_120_3_0	26	-1	27	27	27	27	27
class2_120_3_1	26	26	27	27	27	27	27
class2_120_3_2	26	26	27	27	27	27	27
class2_120_3_3	27	27	28	29	28	28	29
class2_120_3_4	26	-1	26	27	26	27	27
class2_120_3_5	27	27	28	28	28	28	28
class2_120_3_6	25	-1	26	26	26	26	26
class2_120_3_7	27	27	28	28	28	28	29
class2_120_3_8	26	26	28	28	28	28	28
class2_120_3_9	26	26	27	28	27	28	28
class2_250_3_0	52	-1	54	56	54	54	56
class2_250_3_1	53	-1	55	56	55	56	56
class2_250_3_2	52	-1	53	54	53	53	55
class2_250_3_3	54	-1	56	57	56	56	58
class2_250_3_4	53	-1	55	56	55	55	56
class2_250_3_5	52	-1	54	55	54	54	55
class2_250_3_6	52	-1	54	55	54	55	56
class2_250_3_7	54	-1	55	56	55	56	56
class2_250_3_8	51	-1	53	54	53	53	54
class2_250_3_9	53	-1	54	55	54	54	55
class2_500_3_0	104	-1	107	109	107	108	111
class2_500_3_1	104	-1	107	108	107	107	109
class2_500_3_2	103	-1	106	107	106	106	108
class2_500_3_3	106	-1	109	111	109	110	111
class2_500_3_4	102	-1	106	108	106	106	109
class2_500_3_5	108	-1	111	112	112	111	112
class2_500_3_6	105	-1	108	109	108	108	110
class2_500_3_7	104	-1	108	110	108	108	110
class2_500_3_8	107	-1	110	112	110	111	113
class2_500_3_9	104	-1	107	109	107	108	110
class2_20_5_0	5	5	5	6	5	5	5
class2_20_5_1	5	5	6	6	6	6	6
class2_20_5_2	5	5	5	5	5	5	5
class2_20_5_3	5	5	5	5	5	5	6
class2_20_5_4	5	5	5	5	5	5	6
class2_20_5_5	5	5	5	5	5	5	5
class2_20_5_6	5	5	5	5	5	5	5
class2_20_5_7	5	5	5	6	5	6	6
class2_20_5_8	5	5	5	6	5	6	6
class2_20_5_9	5	5	6	6	6	6	6
class2_40_5_0	9	9	10	10	10	10	10
class2_40_5_1	9	9	10	10	10	10	10
class2_40_5_2	9	9	10	10	10	10	10
class2_40_5_3	9	9	10	10	10	10	10
class2_40_5_4	9	9	10	10	10	10	10
class2_40_5_5	9	9	10	10	10	10	10
class2_40_5_6	9	9	10	10	10	10	10
class2_40_5_7	10	10	11	11	11	11	11
class2_40_5_8	9	9	10	10	10	10	10
class2_40_5_9	10	10	10	11	10	11	11
class2_60_5_0	14	14	15	15	15	15	15
class2_60_5_1	15	15	15	16	15	15	16
class2_60_5_2	15	15	15	16	15	15	16
class2_60_5_3	13	13	14	15	14	14	15
class2_60_5_4	13	13	14	14	14	14	15
class2_60_5_5	13	13	14	14	14	14	14
class2_60_5_6	13	13	14	15	14	14	15
class2_60_5_7	14	14	15	15	15	15	15
class2_60_5_8	13	13	14	14	14	14	15
class2_60_5_9	13	13	15	15	15	15	15
class2_120_5_0	26	-1	28	30	28	28	30
class2_120_5_1	28	28	29	30	29	29	30
class2_120_5_2	25	25	27	29	27	28	29
class2_120_5_3	26	26	28	29	28	28	29
class2_120_5_4	26	26	28	29	28	28	29
class2_120_5_5	27	27	29	30	29	29	30
class2_120_5_6	26	-1	29	30	29	29	30
class2_120_5_7	26	26	27	28	27	28	29
class2_120_5_8	26	26	28	29	28	28	29
class2_120_5_9	26	26	28	28	28	28	29
class2_250_5_0	54	-1	58	60	58	58	60
class2_250_5_1	55	-1	58	60	58	59	61
class2_250_5_2	51	-1	55	57	55	56	58
class2_250_5_3	54	-1	57	60	57	58	60
class2_250_5_4	55	-1	57	59	57	57	59
class2_250_5_5	54	-1	58	59	58	58	60
class2_250_5_6	52	-1	56	58	56	56	59
class2_250_5_7	54	-1	58	60	58	58	61
class2_250_5_8	53	-1	56	58	56	57	59
class2_250_5_9	53	-1	57	59	57	57	59
class2_500_5_0	106	-1	113	117	113	113	118
class2_500_5_1	105	-1	113	117	113	113	118
class2_500_5_2	105	-1	112	115	112	113	116
class2_500_5_3	105	-1	112	116	112	112	117
class2_500_5_4	106	-1	113	117	113	113	118
class2_500_5_5	104	-1	111	116	111	112	116
class2_500_5_6	105	-1	113	117	113	113	117
class2_500_5_7	103	-1	111	115	111	112	117
class2_500_5_8	105	-1	112	116	112	112	118
class2_500_5_9	106	-1	115	119	115	115	120
class2_20_10_0	6	6	6	6	6	6	6
class2_20_10_1	5	5	6	6	6	6	6
class2_20_10_2	6	6	6	6	6	6	6
class2_20_10_3	5	5	6	6	6	6	6
class2_20_10_4	6	6	6	6	6	6	6
class2_20_10_5	5	5	5	6	5	6	6
class2_20_10_6	6	6	6	6	6	6	6
class2_20_10_7	5	6	6	6	6	6	6
class2_20_10_8	5	5	6	6	6	6	6
class2_20_10_9	5	5	5	6	5	5	6
class2_40_10_0	10	10	11	11	11	11	11
class2_40_10_1	10	11	12	12	12	12	12
class2_40_10_2	10	10	11	11	11	11	12
class2_40_10_3	10	10	11	11	11	11	11
class2_40_10_4	9	9	10	10	10	10	10
class2_40_10_5	9	10	10	11	10	11	11
class2_40_10_6	9	10	10	11	10	10	11
class2_40_10_7	10	10	11	11	11	11	11
class2_40_10_8	10	10	11	11	11	11	11
class2_40_10_9	10	10	10	11	11	10	11
class2_60_10_0	14	15	16	17	16	16	17
class2_60_10_1	13	14	15	16	15	15	16
class2_60_10_2	13	14	16	16	16	16	16
class2_60_10_3	14	14	15	16	15	15	16
class2_60_10_4	14	14	16	16	16	16	17
class2_60_10_5	14	14	15	16	15	16	16
class2_60_10_6	13	14	16	16	16	16	16
class2_60_10_7	14	14	16	16	16	16	16
class2_60_10_8	14	14	16	16	16	16	16
class2_60_10_9	14	14	16	16	16	16	16
class2_120_10_0	26	27	30	31	31	30	32
class2_120_10_1	26	-1	30	31	30	30	32
class2_120_10_2	27	28	31	31	31	31	32
class2_120_10_3	28	-1	31	32	31	31	32
class2_120_10_4	26	-1	30	32	30	30	32
class2_120_10_5	27	-1	31	32	32	31	32
class2_120_10_6	27	-1	31	32	31	31	33
class2_120_10_7	27	-1	31	32	31	31	32
class2_120_10_8	26	-1	30	32	30	30	32
class2_120_10_9	27	-1	31	32	31	31	32
class2_250_10_0	54	-1	61	64	61	62	65
class2_250_10_1	54	-1	62	65	62	62	65
class2_250_10_2	54	-1	60	63	60	61	64
class2_250_10_3	55	-1	63	66	63	63	66
class2_250_10_4	54	-1	62	65	62	62	66
class2_250_10_5	53	-1	60	65	60	61	65
class2_250_10_6	56	-1	62	66	62	63	66
class2_250_10_7	55	-1	62	66	62	63	66
class2_250_10_8	53	-1	62	64	62	62	65
class2_250_10_9	54	-1	61	64	61	62	65
class2_500_10_0	107	-1	122	128	122	122	129
class2_500_10_1	106	-1	119	126	119	119	128
class2_500_10_2	109	-1	122	128	122	122	129
class2_500_10_3	107	-1	120	128	120	121	128
class2_500_10_4	106	-1	119	125	119	119	127
class2_500_10_5	106	-1	120	127	120	120	128
class2_500_10_6	104	-1	119	127	119	119	127
class2_500_10_7	106	-1	118	126	118	119	127
class2_500_10_8	107	-1	120	125	120	120	128
class2_500_10_9	106	-1	119	127	119	120	128
class3_20_3_0	7	7	7	7	7	7	7
class3_20_3_1	7	8	8	8	8	8	8
class3_20_3_2	7	7	7	7	8	8	7
class3_20_3_3	8	8	8	8	8	8	8
class3_20_3_4	7	7	7	7	7	7	8
class3_20_3_5	7	7	7	7	7	7	7
class3_20_3_6	7	7	7	8	7	8	8
class3_20_3_7	7	7	8	8	8	8	8
class3_20_3_8	7	7	7	7	7	8	8
class3_20_3_9	8	8	8	8	8	8	8
class3_40_3_0	15	15	15	15	15	15	15
class3_40_3_1	13	13	14	15	14	15	15
class3_40_3_2	14	14	15	16	15	15	16
class3_40_3_3	14	14	15	15	16	16	15
class3_40_3_4	13	13	14	14	14	14	14
class3_40_3_5	13	13	14	14	14	14	15
class3_40_3_6	14	14	15	15	15	15	16
class3_40_3_7	14	14	15	15	15	15	15
class3_40_3_8	14	14	15	15	15	15	16
class3_40_3_9	14	15	15	16	15	16	16
class3_60_3_0	23	23	24	24	24	25	25
class3_60_3_1	20	20	21	21	21	21	21
class3_60_3_2	21	21	23	23	23	23	23
class3_60_3_3	19	19	21	21	21	21	21
class3_60_3_4	20	20	22	22	22	22	23
class3_60_3_5	17	18	19	19	19	19	19
class3_60_3_6	20	20	21	22	21	21	22
class3_60_3_7	20	20	21	21	21	21	21
class3_60_3_8	20	20	21	21	21	21	22
class3_60_3_9	21	21	23	23	23	23	23
class3_120_3_0	37	38	40	41	40	40	41
class3_120_3_1	39	39	41	42	41	42	43
class3_120_3_2	38	39	41	42	41	41	42
class3_120_3_3	38	38	40	40	40	40	40
class3_120_3_4	39	39	41	41	41	41	41
class3_120_3_5	38	38	40	40	40	40	41
class3_120_3_6	40	40	42	42	42	42	43
class3_120_3_7	38	38	41	42	41	41	43
class3_120_3_8	40	40	43	43	43	43	44
class3_120_3_9	38	39	41	42	41	41	42
class3_250_3_0	78	78	83	83	83	83	83
class3_250_3_1	78	78	83	83	83	83	84
class3_250_3_2	81	81	85	86	85	85	87
class3_250_3_3	78	78	84	85	84	84	86
class3_250_3_4	79	79	83	85	84	83	85
class3_250_3_5	78	-1	84	86	84	84	86
class3_250_3_6	79	79	82	85	83	82	85
class3_250_3_7	80	80	85	85	85	85	85
class3_250_3_8	80	80	85	86	85	85	86
class3_250_3_9	78	78	82	83	82	82	84
class3_500_3_0	154	-1	163	166	163	163	167
class3_500_3_1	156	-1	165	167	165	165	169
class3_500_3_2	158	-1	166	167	166	167	168
class3_500_3_3	155	-1	166	169	166	166	170
class3_500_3_4	159	-1	170	172	170	170	173
class3_500_3_5	155	-1	163	166	163	163	167
class3_500_3_6	155	-1	164	167	165	164	169
class3_500_3_7	153	-1	162	164	162	162	165
class3_500_3_8	158	-1	166	168	166	166	169
class3_500_3_9	155	-1	165	169	165	165	170
class3_20_5_0	8	9	9	9	9	9	9
class3_20_5_1	7	8	8	8	8	8	8
class3_20_5_2	8	8	8	9	8	9	9
class3_20_5_3	8	8	9	9	9	9	9
class3_20_5_4	8	8	8	8	8	8	8
class3_20_5_5	8	8	8	8	8	8	8
class3_20_5_6	8	8	9	9	9	9	9
class3_20_5_7	7	7	7	8	7	7	8
class3_20_5_8	7	8	8	8	8	8	9
class3_20_5_9	7	8	9	9	9	9	9
class3_40_5_0	14	14	15	16	15	16	16
class3_40_5_1	13	15	16	16	16	17	17
class3_40_5_2	14	15	17	17	17	17	17
class3_40_5_3	16	16	17	17	17	17	17
class3_40_5_4	13	14	15	15	15	15	16
class3_40_5_5	14	14	16	16	16	16	16
class3_40_5_6	14	14	15	15	15	15	15
class3_40_5_7	14	14	16	16	16	16	16
class3_40_5_8	15	16	17	17	17	17	17
class3_40_5_9	13	15	16	16	16	16	16
class3_60_5_0	21	21	23	24	23	24	24
class3_60_5_1	20	21	24	24	24	24	24
class3_60_5_2	20	21	22	23	22	22	23
class3_60_5_3	19	20	22	22	22	23	23
class3_60_5_4	20	21	23	23	23	23	23
class3_60_5_5	19	21	22	22	23	23	23
class3_60_5_6	22	22	25	25	25	25	25
class3_60_5_7	20	22	24	24	24	24	25
class3_60_5_8	20	21	23	24	23	24	24
class3_60_5_9	21	22	23	23	23	24	24
class3_120_5_0	40	42	46	47	46	47	48
class3_120_5_1	41	42	46	47	46	47	47
class3_120_5_2	41	42	46	47	46	47	47
class3_120_5_3	38	40	44	45	44	45	46
class3_120_5_4	41	41	45	47	45	45	47
class3_120_5_5	38	40	44	45	44	44	45
class3_120_5_6	39	40	45	47	45	45	47
class3_120_5_7	39	40	44	45	44	45	46
class3_120_5_8	38	39	44	44	44	44	45
class3_120_5_9	41	41	46	46	46	46	46
class3_250_5_0	81	83	92	95	92	92	96
class3_250_5_1	80	81	90	93	90	90	93
class3_250_5_2	81	84	93	95	93	93	97
class3_250_5_3	77	80	87	92	89	87	92
class3_250_5_4	79	82	91	93	91	91	94
class3_250_5_5	79	81	90	93	90	90	95
class3_250_5_6	82	82	90	93	90	90	94
class3_250_5_7	83	-1	93	95	93	94	97
class3_250_5_8	84	85	94	98	94	95	98
class3_250_5_9	78	80	89	91	89	89	92
class3_500_5_0	156	-1	172	181	176	172	182
class3_500_5_1	158	-1	173	181	176	173	182
class3_500_5_2	158	-1	175	183	176	175	183
class3_500_5_3	156	-1	173	182	176	173	182
class3_500_5_4	158	-1	175	183	177	175	184
class3_500_5_5	157	-1	172	182	174	172	182
class3_500_5_6	157	-1	174	180	174	174	183
class3_500_5_7	156	-1	172	181	175	172	184
class3_500_5_8	160	-1	178	183	178	178	185
class3_500_5_9	157	-1	177	183	177	177	184
class3_20_10_0	7	10	10	10	10	10	10
class3_20_10_1	8	10	10	10	10	10	10
class3_20_10_2	8	9	9	9	9	9	9
class3_20_10_3	8	10	10	10	10	10	10
class3_20_10_4	7	9	10	10	10	10	10
class3_20_10_5	7	9	10	10	10	10	10
class3_20_10_6	8	10	10	10	10	10	10
class3_20_10_7	8	9	9	9	10	10	10
class3_20_10_8	8	10	10	10	10	10	10
class3_20_10_9	8	10	10	10	10	10	10
class3_40_10_0	14	17	18	19	18	19	19
class3_40_10_1	14	18	18	19	18	19	19
class3_40_10_2	14	16	18	18	18	18	18
class3_40_10_3	14	18	19	19	19	19	19
class3_40_10_4	14	16	17	17	17	18	18
class3_40_10_5	14	17	18	19	18	18	19
class3_40_10_6	14	18	19	19	19	19	19
class3_40_10_7	14	17	18	18	18	18	18
class3_40_10_8	14	16	17	18	17	17	19
class3_40_10_9	15	17	18	18	18	18	18
class3_60_10_0	21	24	27	27	27	27	28
class3_60_10_1	20	23	26	26	26	26	26
class3_60_10_2	20	24	27	27	27	27	28
class3_60_10_3	22	27	28	28	29	29	29
class3_60_10_4	20	24	27	27	27	27	27
class3_60_10_5	20	26	28	28	28	28	28
class3_60_10_6	20	24	26	27	26	26	28
class3_60_10_7	22	26	27	27	27	27	28
class3_60_10_8	20	24	27	27	27	28	27
class3_60_10_9	21	26	28	28	29	29	28
class3_120_10_0	40	46	51	53	51	52	54
class3_120_10_1	40	45	51	53	51	51	53
class3_120_10_2	39	45	51	52	51	52	52
class3_120_10_3	40	46	51	52	52	51	53
class3_120_10_4	40	49	53	55	53	53	56
class3_120_10_5	39	45	50	51	50	51	52
class3_120_10_6	39	46	51	53	51	52	55
class3_120_10_7	39	44	49	51	49	49	52
class3_120_10_8	39	45	50	53	50	51	53
class3_120_10_9	39	45	51	53	51	51	53
class3_250_10_0	82	89	103	107	103	103	108
class3_250_10_1	80	89	102	105	102	102	106
class3_250_10_2	82	90	102	106	103	102	108
class3_250_10_3	82	89	101	107	101	102	107
class3_250_10_4	81	91	103	109	103	105	110
class3_250_10_5	80	89	102	107	102	103	108
class3_250_10_6	81	91	102	108	102	104	108
class3_250_10_7	81	94	106	109	106	107	111
class3_250_10_8	81	91	103	108	103	104	109
class3_250_10_9	81	89	102	107	102	102	108
class3_500_10_0	158	-1	198	210	198	200	212
class3_500_10_1	158	-1	202	213	202	204	216
class3_500_10_2	162	-1	200	212	200	200	213
class3_500_10_3	157	-1	195	210	195	196	212
class3_500_10_4	157	-1	196	210	196	197	211
class3_500_10_5	160	-1	199	210	199	199	211
class3_500_10_6	156	-1	195	207	195	198	209
class3_500_10_7	159	-1	202	213	202	204	215
class3_500_10_8	160	-1	201	213	201	202	215
class3_500_10_9	160	-1	199	211	199	200	213
class4_20_3_0	8	10	10	10	10	10	10
class4_20_3_1	9	9	9	9	9	9	9
class4_20_3_2	7	8	8	8	8	8	8
class4_20_3_3	8	8	9	9	9	9	9
class4_20_3_4	10	11	11	11	11	11	11
class4_20_3_5	8	10	10	10	10	10	10
class4_20_3_6	8	9	9	9	9	9	9
class4_20_3_7	7	7	8	8	8	8	8
class4_20_3_8	9	10	10	10	10	10	10
class4_20_3_9	9	10	10	10	10	10	10
class4_40_3_0	14	15	16	16	16	16	16
class4_40_3_1	16	16	17	17	17	17	17
class4_40_3_2	19	20	21	21	21	21	21
class4_40_3_3	14	15	15	15	15	15	15
class4_40_3_4	19	20	20	20	20	20	20
class4_40_3_5	15	15	16	16	17	16	16
class4_40_3_6	13	14	15	15	15	15	15
class4_40_3_7	15	16	17	17	17	17	17
class4_40_3_8	16	17	18	18	18	18	18
class4_40_3_9	14	14	15	15	15	15	15
class4_60_3_0	24	24	25	25	25	26	26
class4_60_3_1	22	23	24	25	24	24	25
class4_60_3_2	24	26	27	27	27	28	28
class4_60_3_3	22	24	25	25	25	25	25
class4_60_3_4	24	24	26	26	26	26	26
class4_60_3_5	25	26	27	27	27	28	27
class4_60_3_6	24	25	27	27	27	27	27
class4_60_3_7	26	28	29	29	30	30	29
class4_60_3_8	24	25	26	26	26	27	26
class4_60_3_9	21	22	23	24	23	23	24
class4_120_3_0	45	46	49	49	49	49	49
class4_120_3_1	43	45	48	49	48	49	49
class4_120_3_2	44	45	48	49	48	48	49
class4_120_3_3	45	45	48	48	48	48	49
class4_120_3_4	43	44	47	47	47	47	47
class4_120_3_5	43	45	48	49	48	48	49
class4_120_3_6	46	47	49	50	49	49	50
class4_120_3_7	43	43	45	45	45	46	46
class4_120_3_8	42	42	44	45	44	45	45
class4_120_3_9	44	44	47	47	47	47	48
class4_250_3_0	90	94	99	101	99	100	101
class4_250_3_1	87	87	92	93	93	92	93
class4_250_3_2	93	94	99	100	99	99	100
class4_250_3_3	93	95	100	102	100	100	102
class4_250_3_4	94	94	100	100	100	100	100
class4_250_3_5	87	87	92	93	92	93	94
class4_250_3_6	89	91	96	96	96	97	98
class4_250_3_7	91	91	97	97	97	97	98
class4_250_3_8	95	95	100	100	100	101	101
class4_250_3_9	89	90	97	97	97	98	98
class4_500_3_0	179	-1	192	194	192	192	195
class4_500_3_1	179	-1	193	195	193	193	196
class4_500_3_2	178	-1	192	194	192	192	195
class4_500_3_3	173	-1	186	189	186	187	189
class4_500_3_4	179	-1	192	192	192	192	192
class4_500_3_5	182	-1	196	197	196	196	197
class4_500_3_6	179	-1	189	189	189	189	191
class4_500_3_7	184	-1	196	196	196	196	197
class4_500_3_8	179	-1	188	189	188	190	190
class4_500_3_9	178	-1	191	194	191	191	195
class4_20_5_0	7	8	8	8	8	9	9
class4_20_5_1	10	10	10	10	10	11	11
class4_20_5_2	8	10	10	10	10	10	10
class4_20_5_3	8	9	9	9	9	9	9
class4_20_5_4	8	10	10	10	10	10	10
class4_20_5_5	8	9	9	9	9	9	9
class4_20_5_6	11	11	11	11	11	12	11
class4_20_5_7	8	10	10	10	10	10	10
class4_20_5_8	10	11	11	11	11	11	11
class4_20_5_9	9	10	10	10	11	11	11
class4_40_5_0	15	19	19	19	19	19	19
class4_40_5_1	14	15	16	16	16	16	17
class4_40_5_2	16	19	19	19	20	20	20
class4_40_5_3	15	19	20	20	20	20	20
class4_40_5_4	14	15	17	17	17	17	17
class4_40_5_5	16	18	18	18	18	18	19
class4_40_5_6	17	20	20	20	20	20	21
class4_40_5_7	17	18	19	19	19	19	19
class4_40_5_8	17	19	20	20	20	20	20
class4_40_5_9	16	17	18	18	18	19	18
class4_60_5_0	24	27	28	28	28	29	29
class4_60_5_1	24	26	28	28	28	28	28
class4_60_5_2	25	28	29	29	29	29	29
class4_60_5_3	25	26	27	27	27	27	27
class4_60_5_4	22	24	26	27	26	27	27
class4_60_5_5	22	24	26	26	26	26	26
class4_60_5_6	23	25	26	26	26	26	26
class4_60_5_7	24	26	27	27	28	28	28
class4_60_5_8	24	27	28	28	28	28	28
class4_60_5_9	22	26	28	28	28	28	28
class4_120_5_0	47	50	53	53	53	54	54
class4_120_5_1	47	50	53	53	53	53	53
class4_120_5_2	45	48	51	52	52	51	52
class4_120_5_3	45	48	51	52	51	52	52
class4_120_5_4	44	51	54	55	54	54	55
class4_120_5_5	43	46	50	51	50	50	51
class4_120_5_6	44	48	52	52	52	52	52
class4_120_5_7	42	46	50	51	50	51	51
class4_120_5_8	44	49	53	54	53	53	55
class4_120_5_9	45	49	53	53	53	53	54
class4_250_5_0	92	98	105	107	105	105	108
class4_250_5_1	90	97	104	106	104	105	106
class4_250_5_2	89	96	103	105	103	104	107
class4_250_5_3	90	99	106	108	106	106	108
class4_250_5_4	93	100	106	108	106	106	109
class4_250_5_5	97	105	111	112	111	112	112
class4_250_5_6	90	95	103	106	103	103	106
class4_250_5_7	90	95	103	105	103	104	106
class4_250_5_8	93	103	109	110	109	109	110
class4_250_5_9	90	97	105	106	105	105	106
class4_500_5_0	176	-1	201	205	201	201	207
class4_500_5_1	185	-1	216	220	216	217	222
class4_500_5_2	185	-1	213	216	213	213	217
class4_500_5_3	179	-1	205	210	205	206	211
class4_500_5_4	184	-1	208	210	208	209	212
class4_500_5_5	180	-1	206	210	206	206	211
class4_500_5_6	179	-1	205	209	205	205	209
class4_500_5_7	184	-1	210	215	210	211	216
class4_500_5_8	178	-1	208	211	208	209	213
class4_500_5_9	180	-1	205	208	205	205	210
class4_20_10_0	13	13	13	13	13	14	13
class4_20_10_1	13	13	13	13	13	13	13
class4_20_10_2	13	14	14	14	14	14	14
class4_20_10_3	13	14	14	14	14	14	14
class4_20_10_4	8	10	10	10	10	10	10
class4_20_10_5	9	12	12	12	12	12	12
class4_20_10_6	12	12	12	12	12	12	12
class4_20_10_7	10	12	12	12	12	12	12
class4_20_10_8	10	11	11	11	11	11	11
class4_20_10_9	11	12	12	12	12	12	12
class4_40_10_0	18	20	20	20	21	21	20
class4_40_10_1	20	23	23	23	23	23	23
class4_40_10_2	21	24	24	24	24	24	24
class4_40_10_3	19	22	22	22	22	22	22
class4_40_10_4	15	20	20	20	21	21	21
class4_40_10_5	17	21	21	21	21	22	21
class4_40_10_6	19	22	22	22	22	22	22
class4_40_10_7	23	23	23	23	23	23	23
class4_40_10_8	20	22	22	22	22	22	22
class4_40_10_9	27	27	27	27	27	27	27
class4_60_10_0	25	31	31	31	32	33	32
class4_60_10_1	25	33	33	33	33	33	33
class4_60_10_2	34	34	35	35	36	36	35
class4_60_10_3	26	31	32	32	32	32	32
class4_60_10_4	28	34	34	34	34	35	34
class4_60_10_5	34	36	36	36	36	37	36
class4_60_10_6	27	31	31	31	32	32	31
class4_60_10_7	28	32	33	33	33	34	33
class4_60_10_8	29	32	32	32	32	32	32
class4_60_10_9	23	29	30	30	31	31	30
class4_120_10_0	49	63	64	64	64	65	64
class4_120_10_1	54	62	63	63	65	65	64
class4_120_10_2	51	63	63	63	64	64	64
class4_120_10_3	48	60	61	61	62	62	62
class4_120_10_4	51	59	61	61	61	62	61
class4_120_10_5	45	59	62	62	62	63	62
class4_120_10_6	49	63	64	64	65	65	65
class4_120_10_7	48	57	60	60	60	60	61
class4_120_10_8	44	58	60	61	60	60	61
class4_120_10_9	50	60	62	62	63	62	63
class4_250_10_0	90	116	122	122	122	122	124
class4_250_10_1	92	120	124	125	124	124	125
class4_250_10_2	94	116	122	123	122	123	123
class4_250_10_3	94	114	121	122	121	121	123
class4_250_10_4	89	113	120	121	120	120	122
class4_250_10_5	95	123	128	128	128	129	128
class4_250_10_6	96	124	127	128	127	127	128
class4_250_10_7	93	119	125	125	126	126	125
class4_250_10_8	95	116	122	122	122	122	123
class4_250_10_9	95	120	124	124	125	126	125
class4_500_10_0	180	-1	237	240	237	237	241
class4_500_10_1	179	-1	242	243	242	242	244
class4_500_10_2	189	-1	245	246	245	245	248
class4_500_10_3	182	-1	237	240	237	238	241
class4_500_10_4	183	-1	239	240	239	240	241
class4_500_10_5	183	-1	239	242	239	240	242
class4_500_10_6	182	-1	237	239	237	237	240
class4_500_10_7	184	-1	244	245	244	244	246
class4_500_10_8	180	-1	239	242	239	239	243
class4_500_10_9	175	-1	235	238	235	236	241
class5_20_3_0	7	7	7	7	7	7	7
class5_20_3_1	7	8	8	8	8	8	8
class5_20_3_2	6	6	6	6	6	6	6
class5_20_3_3	7	7	7	7	7	7	7
class5_20_3_4	8	9	9	9	9	9	9
class5_20_3_5	9	9	9	9	9	9	9
class5_20_3_6	5	5	5	5	5	6	6
class5_20_3_7	7	7	7	7	7	7	7
class5_20_3_8	7	8	8	8	8	9	9
class5_20_3_9	7	8	8	8	8	8	8
class5_40_3_0	12	13	14	14	14	14	14
class5_40_3_1	13	13	13	13	13	13	13
class5_40_3_2	13	14	14	14	14	14	14
class5_40_3_3	11	11	11	11	11	11	11
class5_40_3_4	12	13	14	14	14	14	14
class5_40_3_5	13	13	13	13	13	14	14
class5_40_3_6	11	11	12	12	12	12	12
class5_40_3_7	14	14	15	15	15	15	15
class5_40_3_8	14	14	15	15	15	15	15
class5_40_3_9	12	13	13	13	13	13	13
class5_60_3_0	17	18	18	18	18	19	19
class5_60_3_1	17	19	20	20	20	20	21
class5_60_3_2	16	17	17	17	17	18	18
class5_60_3_3	16	16	17	17	17	17	17
class5_60_3_4	21	22	22	22	23	24	22
class5_60_3_5	20	22	23	23	23	23	23
class5_60_3_6	19	20	21	21	21	21	21
class5_60_3_7	20	22	23	23	23	23	23
class5_60_3_8	20	21	22	22	22	22	22
class5_60_3_9	18	18	18	19	18	18	19
class5_120_3_0	33	35	37	37	37	37	37
class5_120_3_1	37	37	39	39	39	39	39
class5_120_3_2	39	40	41	41	42	42	41
class5_120_3_3	41	49	50	50	50	51	50
class5_120_3_4	36	40	42	42	42	42	42
class5_120_3_5	35	35	37	37	37	37	37
class5_120_3_6	36	37	39	39	39	39	39
class5_120_3_7	39	41	42	42	42	43	43
class5_120_3_8	31	32	34	34	34	34	34
class5_120_3_9	35	35	37	37	38	38	37
class5_250_3_0	65	-1	70	70	70	70	70
class5_250_3_1	66	-1	72	73	72	73	74
class5_250_3_2	69	-1	75	77	75	76	77
class5_250_3_3	67	-1	73	73	73	73	73
class5_250_3_4	70	-1	77	78	77	77	78
class5_250_3_5	67	-1	72	72	72	72	73
class5_250_3_6	70	-1	74	75	74	74	75
class5_250_3_7	76	-1	79	79	80	80	80
class5_250_3_8	68	-1	73	73	73	73	75
class5_250_3_9	72	-1	79	80	79	79	80
class5_500_3_0	140	-1	145	147	145	146	147
class5_500_3_1	133	-1	143	146	143	144	146
class5_500_3_2	144	-1	153	154	153	153	154
class5_500_3_3	129	-1	135	137	135	135	137
class5_500_3_4	137	-1	150	152	150	150	152
class5_500_3_5	157	-1	165	166	166	165	166
class5_500_3_6	143	-1	152	153	152	152	154
class5_500_3_7	144	-1	153	155	154	153	155
class5_500_3_8	142	-1	155	156	155	156	156
class5_500_3_9	139	-1	155	157	155	155	157
class5_20_5_0	8	9	9	9	9	9	10
class5_20_5_1	11	11	11	11	11	11	11
class5_20_5_2	9	10	10	10	10	10	10
class5_20_5_3	7	7	7	7	7	7	7
class5_20_5_4	6	7	7	7	7	7	8
class5_20_5_5	9	9	9	9	9	9	9
class5_20_5_6	10	12	12	12	12	12	12
class5_20_5_7	6	7	7	7	7	7	7
class5_20_5_8	7	8	8	8	8	8	8
class5_20_5_9	7	7	7	7	7	7	7
class5_40_5_0	12	15	15	15	15	15	15
class5_40_5_1	12	13	13	14	13	14	14
class5_40_5_2	15	16	17	17	17	17	17
class5_40_5_3	15	17	17	17	17	17	17
class5_40_5_4	14	16	16	16	16	17	16
class5_40_5_5	11	13	13	13	13	13	14
class5_40_5_6	13	15	15	15	16	16	15
class5_40_5_7	12	13	13	13	13	13	13
class5_40_5_8	14	14	14	14	15	15	15
class5_40_5_9	13	15	15	15	15	15	15
class5_60_5_0	18	21	21	21	21	21	22
class5_60_5_1	17	19	20	20	20	20	20
class5_60_5_2	20	25	26	26	26	27	26
class5_60_5_3	18	23	24	24	24	24	24
class5_60_5_4	19	22	23	23	23	23	23
class5_60_5_5	21	21	22	22	22	22	22
class5_60_5_6	18	19	20	20	20	20	20
class5_60_5_7	16	17	18	18	18	18	18
class5_60_5_8	18	20	21	21	22	22	22
class5_60_5_9	18	22	23	23	23	23	23
class5_120_5_0	33	38	40	41	40	40	42
class5_120_5_1	37	41	43	44	43	44	44
class5_120_5_2	37	42	45	45	45	45	45
class5_120_5_3	38	43	46	46	46	46	46
class5_120_5_4	39	43	46	46	46	46	46
class5_120_5_5	35	39	41	42	41	41	42
class5_120_5_6	35	39	42	42	42	42	43
class5_120_5_7	37	40	42	42	42	43	42
class5_120_5_8	36	42	44	45	44	44	45
class5_120_5_9	37	41	44	44	45	44	44
class5_250_5_0	70	-1	87	87	87	88	88
class5_250_5_1	67	-1	82	84	83	82	85
class5_250_5_2	70	-1	86	87	86	87	87
class5_250_5_3	73	-1	89	90	89	89	90
class5_250_5_4	76	-1	90	91	90	90	91
class5_250_5_5	71	-1	87	89	87	87	89
class5_250_5_6	74	-1	86	87	86	86	87
class5_250_5_7	71	-1	85	86	85	85	87
class5_250_5_8	69	-1	83	84	83	83	84
class5_250_5_9	70	-1	87	87	87	87	87
class5_500_5_0	140	-1	164	167	164	164	168
class5_500_5_1	143	-1	165	167	165	165	170
class5_500_5_2	136	-1	163	167	163	164	168
class5_500_5_3	138	-1	166	168	166	166	169
class5_500_5_4	138	-1	159	162	159	159	164
class5_500_5_5	136	-1	165	168	165	166	169
class5_500_5_6	140	-1	165	167	165	165	168
class5_500_5_7	140	-1	167	170	167	168	171
class5_500_5_8	141	-1	173	174	173	173	175
class5_500_5_9	139	-1	162	166	162	162	166
class5_20_10_0	9	10	10	10	10	10	10
class5_20_10_1	12	12	12	12	12	12	12
class5_20_10_2	9	10	10	10	10	10	10
class5_20_10_3	7	10	10	10	10	10	10
class5_20_10_4	11	12	12	12	12	12	12
class5_20_10_5	13	14	14	14	14	14	14
class5_20_10_6	12	12	12	12	12	12	12
class5_20_10_7	11	11	11	11	11	11	11
class5_20_10_8	12	13	13	13	13	13	13
class5_20_10_9	11	11	11	11	11	11	11
class5_40_10_0	20	22	22	22	22	23	22
class5_40_10_1	15	18	18	18	19	19	19
class5_40_10_2	19	21	21	21	22	22	22
class5_40_10_3	16	20	20	20	21	21	20
class5_40_10_4	18	21	21	21	21	21	21
class5_40_10_5	13	16	16	16	16	17	16
class5_40_10_6	23	24	24	24	25	25	24
class5_40_10_7	14	18	18	18	18	18	18
class5_40_10_8	16	19	19	19	19	19	19
class5_40_10_9	17	19	19	19	19	19	19
class5_60_10_0	19	24	25	26	25	25	26
class5_60_10_1	27	30	31	31	31	31	31
class5_60_10_2	23	27	28	28	29	29	28
class5_60_10_3	20	23	24	24	24	24	24
class5_60_10_4	22	27	28	28	29	29	28
class5_60_10_5	20	25	26	26	26	26	26
class5_60_10_6	26	27	28	28	28	28	28
class5_60_10_7	22	27	28	28	28	28	28
class5_60_10_8	19	24	25	25	26	26	26
class5_60_10_9	21	25	26	26	26	27	27
class5_120_10_0	42	49	52	52	52	53	53
class5_120_10_1	46	53	56	56	58	58	56
class5_120_10_2	48	55	57	57	58	59	57
class5_120_10_3	37	44	47	47	47	47	47
class5_120_10_4	37	47	50	51	50	50	51
class5_120_10_5	40	49	52	52	52	52	52
class5_120_10_6	36	45	48	49	48	48	49
class5_120_10_7	39	49	52	52	53	53	53
class5_120_10_8	50	55	58	58	58	59	58
class5_120_10_9	48	54	56	56	56	56	56
class5_250_10_0	81	-1	108	108	109	110	108
class5_250_10_1	76	-1	111	111	111	111	112
class5_250_10_2	74	-1	105	105	105	105	105
class5_250_10_3	84	-1	110	110	111	110	111
class5_250_10_4	72	-1	105	105	105	105	105
class5_250_10_5	96	-1	114	114	116	116	115
class5_250_10_6	72	-1	101	101	101	101	102
class5_250_10_7	86	-1	108	110	109	108	110
class5_250_10_8	74	-1	105	106	105	105	107
class5_250_10_9	77	-1	106	106	106	106	107
class5_500_10_0	136	-1	188	193	188	188	193
class5_500_10_1	140	-1	201	203	201	201	203
class5_500_10_2	139	-1	200	201	200	200	201
class5_500_10_3	139	-1	197	200	197	197	201
class5_500_10_4	142	-1	200	203	200	200	204
class5_500_10_5	145	-1	202	204	202	202	205
class5_500_10_6	143	-1	205	208	205	205	208
class5_500_10_7	142	-1	208	208	208	208	210
class5_500_10_8	146	-1	209	210	209	210	211
class5_500_10_9	145	-1	194	198	194	195	198
class6_20_3_0	7	7	7	7	7	7	7
class6_20_3_1	7	7	7	7	7	8	8
class6_20_3_2	6	7	7	7	7	7	7
class6_20_3_3	5	5	5	5	5	5	5
class6_20_3_4	6	7	7	7	7	7	7
class6_20_3_5	5	5	6	6	6	6	6
class6_20_3_6	5	5	5	5	5	5	5
class6_20_3_7	5	6	6	6	6	6	6
class6_20_3_8	4	4	4	4	4	4	4
class6_20_3_9	6	6	6	6	7	7	7
class6_40_3_0	9	9	9	9	9	9	9
class6_40_3_1	11	11	11	11	11	11	11
class6_40_3_2	12	12	12	12	12	12	12
class6_40_3_3	10	10	10	10	10	10	10
class6_40_3_4	12	12	12	12	12	12	12
class6_40_3_5	9	9	10	10	10	10	10
class6_40_3_6	10	10	11	11	11	11	11
class6_40_3_7	10	10	11	11	11	11	11
class6_40_3_8	12	12	13	13	13	13	13
class6_40_3_9	11	12	12	12	12	12	12
class6_60_3_0	15	15	16	16	16	16	16
class6_60_3_1	14	15	16	16	16	16	16
class6_60_3_2	14	14	15	15	15	15	15
class6_60_3_3	14	15	15	15	15	16	16
class6_60_3_4	15	15	16	16	16	16	16
class6_60_3_5	14	14	15	15	15	15	15
class6_60_3_6	15	15	16	16	16	16	16
class6_60_3_7	13	13	13	13	13	13	13
class6_60_3_8	15	15	15	15	15	16	15
class6_60_3_9	17	17	18	18	18	18	18
class6_120_3_0	25	-1	27	27	27	27	27
class6_120_3_1	25	-1	26	26	26	26	26
class6_120_3_2	30	30	32	32	32	32	32
class6_120_3_3	31	-1	31	31	31	31	31
class6_120_3_4	28	-1	29	30	29	29	30
class6_120_3_5	29	-1	29	29	29	30	30
class6_120_3_6	34	-1	35	35	35	35	35
class6_120_3_7	28	-1	30	30	30	30	30
class6_120_3_8	25	-1	27	27	27	27	27
class6_120_3_9	28	-1	30	30	30	31	31
class6_250_3_0	60	-1	62	62	62	62	63
class6_250_3_1	52	-1	54	55	54	55	56
class6_250_3_2	55	-1	58	58	58	58	59
class6_250_3_3	64	-1	66	66	66	66	66
class6_250_3_4	57	-1	60	60	60	60	61
class6_250_3_5	55	-1	57	57	57	57	57
class6_250_3_6	60	-1	62	62	62	62	62
class6_250_3_7	67	-1	68	68	68	68	68
class6_250_3_8	53	-1	54	54	54	54	54
class6_250_3_9	59	-1	60	60	60	61	60
class6_500_3_0	109	-1	113	114	113	113	114
class6_500_3_1	116	-1	119	121	119	119	122
class6_500_3_2	110	-1	113	113	113	113	114
class6_500_3_3	113	-1	116	117	116	116	118
class6_500_3_4	124	-1	127	127	127	127	128
class6_500_3_5	109	-1	113	115	113	113	115
class6_500_3_6	111	-1	115	117	115	116	118
class6_500_3_7	125	-1	127	128	127	128	129
class6_500_3_8	113	-1	117	120	117	118	121
class6_500_3_9	112	-1	116	118	116	117	118
class6_20_5_0	6	7	7	7	7	7	7
class6_20_5_1	6	7	7	7	7	7	7
class6_20_5_2	7	7	7	7	7	7	7
class6_20_5_3	6	6	6	6	7	7	6
class6_20_5_4	5	5	6	6	6	6	6
class6_20_5_5	6	6	6	7	6	7	7
class6_20_5_6	7	8	8	8	8	8	8
class6_20_5_7	7	7	8	8	8	8	8
class6_20_5_8	6	6	6	6	6	6	6
class6_20_5_9	7	8	8	8	8	8	8
class6_40_5_0	13	13	13	13	14	14	14
class6_40_5_1	13	13	13	13	13	14	13
class6_40_5_2	10	10	11	11	11	11	11
class6_40_5_3	12	12	12	12	13	13	13
class6_40_5_4	11	13	13	13	13	14	13
class6_40_5_5	11	12	12	12	12	13	12
class6_40_5_6	13	13	13	13	14	14	13
class6_40_5_7	10	10	10	10	11	11	11
class6_40_5_8	10	10	11	11	11	11	11
class6_40_5_9	13	13	13	13	13	14	13
class6_60_5_0	17	18	19	20	19	19	20
class6_60_5_1	17	17	17	17	17	17	17
class6_60_5_2	14	14	15	15	15	15	15
class6_60_5_3	16	16	17	17	17	17	17
class6_60_5_4	17	17	18	18	18	18	18
class6_60_5_5	15	15	17	17	17	17	17
class6_60_5_6	16	16	16	16	16	16	16
class6_60_5_7	15	15	16	16	16	16	16
class6_60_5_8	16	16	17	17	17	18	18
class6_60_5_9	18	19	20	20	20	20	21
class6_120_5_0	31	33	36	36	36	36	37
class6_120_5_1	31	-1	34	34	34	34	34
class6_120_5_2	30	31	33	34	33	34	35
class6_120_5_3	29	-1	31	31	31	31	32
class6_120_5_4	35	-1	36	36	37	37	36
class6_120_5_5	30	-1	34	34	34	34	35
class6_120_5_6	32	-1	33	33	33	33	33
class6_120_5_7	26	-1	31	32	31	31	32
class6_120_5_8	28	-1	30	31	30	31	32
class6_120_5_9	28	-1	31	31	31	31	31
class6_250_5_0	63	-1	71	73	71	72	73
class6_250_5_1	58	-1	66	68	66	66	68
class6_250_5_2	57	-1	63	65	63	64	65
class6_250_5_3	63	-1	69	71	69	69	71
class6_250_5_4	58	-1	64	65	64	64	66
class6_250_5_5	62	-1	65	66	65	65	66
class6_250_5_6	60	-1	66	69	66	68	69
class6_250_5_7	60	-1	63	64	63	63	64
class6_250_5_8	65	-1	68	68	68	68	69
class6_250_5_9	60	-1	68	69	68	68	70
class6_500_5_0	117	-1	124	127	124	125	127
class6_500_5_1	110	-1	118	122	118	118	122
class6_500_5_2	122	-1	129	133	129	131	134
class6_500_5_3	115	-1	125	129	125	126	130
class6_500_5_4	116	-1	127	131	127	127	131
class6_500_5_5	121	-1	128	130	128	128	131
class6_500_5_6	115	-1	124	128	124	125	130
class6_500_5_7	125	-1	134	137	134	135	138
class6_500_5_8	124	-1	132	137	132	133	138
class6_500_5_9	120	-1	130	134	130	131	135
class6_20_10_0	5	-1	6	6	6	6	6
class6_20_10_1	6	-1	7	7	7	7	7
class6_20_10_2	8	-1	9	9	9	9	9
class6_20_10_3	6	-1	7	7	7	7	8
class6_20_10_4	7	-1	8	8	8	8	8
class6_20_10_5	6	-1	7	7	7	7	7
class6_20_10_6	6	-1	7	7	7	7	7
class6_20_10_7	8	-1	8	8	8	8	8
class6_20_10_8	6	-1	7	7	7	7	7
class6_20_10_9	8	-1	9	9	9	10	9
class6_40_10_0	11	-1	13	13	13	13	14
class6_40_10_1	12	-1	15	15	15	15	16
class6_40_10_2	13	-1	16	16	16	16	16
class6_40_10_3	14	-1	17	17	17	17	17
class6_40_10_4	10	-1	13	14	13	14	14
class6_40_10_5	13	-1	16	16	16	16	16
class6_40_10_6	11	-1	13	13	13	13	13
class6_40_10_7	12	-1	14	14	15	15	15
class6_40_10_8	13	-1	16	16	17	17	17
class6_40_10_9	12	-1	13	13	13	13	14
class6_60_10_0	16	-1	21	21	21	21	21
class6_60_10_1	18	-1	22	22	22	22	22
class6_60_10_2	19	-1	22	22	22	23	22
class6_60_10_3	17	-1	19	19	19	19	19
class6_60_10_4	18	-1	21	21	21	21	21
class6_60_10_5	19	-1	23	23	23	23	23
class6_60_10_6	17	-1	19	19	19	20	20
class6_60_10_7	16	-1	20	20	20	20	21
class6_60_10_8	18	-1	21	21	21	21	21
class6_60_10_9	17	-1	21	21	21	21	21
class6_120_10_0	31	-1	36	37	36	36	38
class6_120_10_1	33	-1	37	38	37	38	38
class6_120_10_2	31	-1	37	38	37	37	38
class6_120_10_3	30	-1	38	38	38	38	39
class6_120_10_4	30	-1	38	39	38	39	40
class6_120_10_5	28	-1	36	37	36	37	38
class6_120_10_6	32	-1	40	40	40	41	41
class6_120_10_7	33	-1	38	39	39	38	39
class6_120_10_8	33	-1	41	41	41	41	42
class6_120_10_9	32	-1	41	42	41	42	43
class6_250_10_0	63	-1	78	80	78	79	81
class6_250_10_1	59	-1	77	79	77	77	80
class6_250_10_2	59	-1	78	81	78	79	81
class6_250_10_3	65	-1	77	80	77	77	80
class6_250_10_4	61	-1	73	77	73	75	78
class6_250_10_5	64	-1	81	84	81	81	85
class6_250_10_6	59	-1	75	78	75	75	79
class6_250_10_7	64	-1	77	79	77	77	80
class6_250_10_8	66	-1	80	82	80	80	83
class6_250_10_9	61	-1	75	77	75	75	79
class6_500_10_0	116	-1	143	151	143	144	153
class6_500_10_1	116	-1	151	158	151	151	160
class6_500_10_2	119	-1	152	161	152	154	162
class6_500_10_3	117	-1	148	155	148	150	156
class6_500_10_4	117	-1	145	154	145	146	155
class6_500_10_5	112	-1	138	146	138	140	147
class6_500_10_6	120	-1	150	156	150	150	158
class6_500_10_7	119	-1	153	159	153	154	162
class6_500_10_8	122	-1	149	157	149	149	158
class6_500_10_9	122	-1	149	155	149	149	157
